trade_id,market_id,ticker,price,price_dollars,count,count_fp,taker_side,maker_action,taker_action,maker_nickname,taker_nickname,maker_social_id,taker_social_id,create_date
4f4b572c-7776-5ac7-1b6c-556c46e254fd,573ec7d5-48a9-49c8-9915-2f25fa1fe143,KXMIASNOWM-26JAN-0.1,1,0.01,491,491.0,yes,sell,buy,brand.range,conniemak0816,783896a9-a6bf-42b5-9df0-2dda3e907629,d1cf59ec-ab35-4132-a129-ae35efc6d9c1,2026-01-31T19:37:00.110063Z
48c68ceb-aca6-6757-7c79-c17f877958cd,573ec7d5-48a9-49c8-9915-2f25fa1fe143,KXMIASNOWM-26JAN-0.1,1,0.01,93,93.0,yes,sell,buy,brand.range,,783896a9-a6bf-42b5-9df0-2dda3e907629,,2026-01-31T19:34:17.85293Z
7ea4597b-e5f6-6be7-4962-b923fdd66e01,573ec7d5-48a9-49c8-9915-2f25fa1fe143,KXMIASNOWM-26JAN-0.1,1,0.01,187,187.0,yes,sell,buy,brand.range,,783896a9-a6bf-42b5-9df0-2dda3e907629,,2026-01-31T19:31:01.50377Z
c93d92b6-cd82-6e83-c40a-5c4a0a08f5c5,573ec7d5-48a9-49c8-9915-2f25fa1fe143,KXMIASNOWM-26JAN-0.1,1,0.01,93,93.0,yes,sell,buy,brand.range,,783896a9-a6bf-42b5-9df0-2dda3e907629,,2026-01-31T19:30:45.624037Z
37e62fce-8bce-5803-67bf-447c6a200f0d,573ec7d5-48a9-49c8-9915-2f25fa1fe143,KXMIASNOWM-26JAN-0.1,1,0.01,93,93.0,yes,sell,buy,brand.range,pad.weed,783896a9-a6bf-42b5-9df0-2dda3e907629,ecd5cf16-f461-4a47-bdc7-c0c91a15bb9d,2026-01-31T18:20:35.271089Z
99647bce-fff2-6b6f-fde3-24afaa1c8605,573ec7d5-48a9-49c8-9915-2f25fa1fe143,KXMIASNOWM-26JAN-0.1,1,0.01,93,93.0,yes,sell,buy,brand.range,soil.fool,783896a9-a6bf-42b5-9df0-2dda3e907629,c3209b57-523c-47ea-871c-0abbcecb67ac,2026-01-31T17:41:04.239347Z
5840e680-31aa-469f-3081-c4adc642afdd,573ec7d5-48a9-49c8-9915-2f25fa1fe143,KXMIASNOWM-26JAN-0.1,1,0.01,467,467.0,yes,sell,buy,brand.range,,783896a9-a6bf-42b5-9df0-2dda3e907629,,2026-01-31T17:36:27.947209Z
c04b0267-71a2-570b-72db-36ea1c413bdd,573ec7d5-48a9-49c8-9915-2f25fa1fe143,KXMIASNOWM-26JAN-0.1,1,0.01,467,467.0,yes,sell,buy,brand.range,,783896a9-a6bf-42b5-9df0-2dda3e907629,,2026-01-31T17:08:17.15038Z
8ef91d6c-358e-467f-3f9a-b75b470094a1,573ec7d5-48a9-49c8-9915-2f25fa1fe143,KXMIASNOWM-26JAN-0.1,1,0.01,2337,2337.0,yes,sell,buy,brand.range,,783896a9-a6bf-42b5-9df0-2dda3e907629,,2026-01-31T16:49:35.0305Z
e8334194-5c6a-65db-9af8-7450eec1ded1,573ec7d5-48a9-49c8-9915-2f25fa1fe143,KXMIASNOWM-26JAN-0.1,1,0.01,467,467.0,yes,sell,buy,brand.range,,783896a9-a6bf-42b5-9df0-2dda3e907629,,2026-01-31T16:30:18.002969Z
5489c291-3c6a-57d3-eb35-59dac8a0d46d,573ec7d5-48a9-49c8-9915-2f25fa1fe143,KXMIASNOWM-26JAN-0.1,1,0.01,2337,2337.0,yes,sell,buy,brand.range,,783896a9-a6bf-42b5-9df0-2dda3e907629,,2026-01-31T16:04:13.499084Z
48cbbf4d-6dfa-4b27-005f-4b3a1243debd,573ec7d5-48a9-49c8-9915-2f25fa1fe143,KXMIASNOWM-26JAN-0.1,1,0.01,467,467.0,yes,sell,buy,brand.range,Ben.money,783896a9-a6bf-42b5-9df0-2dda3e907629,b718e53b-0c93-4421-9aeb-3ea19cf48fa9,2026-01-31T16:00:42.721387Z
65a05d1c-8422-5cbb-1a4f-2576fead0a99,573ec7d5-48a9-49c8-9915-2f25fa1fe143,KXMIASNOWM-26JAN-0.1,1,0.01,935,935.0,yes,sell,buy,brand.range,,783896a9-a6bf-42b5-9df0-2dda3e907629,,2026-01-31T15:58:13.092562Z
6be186a7-4942-6d23-72a2-fec34b6b1bf9,573ec7d5-48a9-49c8-9915-2f25fa1fe143,KXMIASNOWM-26JAN-0.1,1,0.01,935,935.0,yes,sell,buy,brand.range,,783896a9-a6bf-42b5-9df0-2dda3e907629,,2026-01-31T15:58:09.936218Z
4795a39d-2a2e-505f-e23f-4d289f253531,573ec7d5-48a9-49c8-9915-2f25fa1fe143,KXMIASNOWM-26JAN-0.1,1,0.01,467,467.0,yes,sell,buy,brand.range,san2r,783896a9-a6bf-42b5-9df0-2dda3e907629,ccabae9f-7dc4-4049-b71a-6b65a216d0f2,2026-01-31T15:51:10.548091Z
ddd438af-011a-568b-fd12-3d3ab9c26759,573ec7d5-48a9-49c8-9915-2f25fa1fe143,KXMIASNOWM-26JAN-0.1,1,0.01,187,187.0,yes,sell,buy,brand.range,tall.stretch,783896a9-a6bf-42b5-9df0-2dda3e907629,a921e09a-430d-4059-8817-c825d0d88b16,2026-01-31T15:35:48.711419Z
6808cdc2-5b62-7bef-8a36-5a1cf939c7d9,573ec7d5-48a9-49c8-9915-2f25fa1fe143,KXMIASNOWM-26JAN-0.1,1,0.01,93,93.0,yes,sell,buy,brand.range,jusiage,783896a9-a6bf-42b5-9df0-2dda3e907629,3e5fb464-501a-4929-85ce-6c30eb35f97e,2026-01-31T15:30:38.598323Z
03bfe33a-c3d2-7e1b-3ee0-cbe6a7024f85,573ec7d5-48a9-49c8-9915-2f25fa1fe143,KXMIASNOWM-26JAN-0.1,1,0.01,374,374.0,yes,sell,buy,brand.range,,783896a9-a6bf-42b5-9df0-2dda3e907629,,2026-01-31T14:42:51.099553Z
9ec3492e-cfce-6373-ac59-014d398ebe59,573ec7d5-48a9-49c8-9915-2f25fa1fe143,KXMIASNOWM-26JAN-0.1,1,0.01,935,935.0,yes,sell,buy,brand.range,,783896a9-a6bf-42b5-9df0-2dda3e907629,,2026-01-31T14:40:25.905444Z
90c11c36-4b52-5383-7f40-bd9b4f5a52fd,573ec7d5-48a9-49c8-9915-2f25fa1fe143,KXMIASNOWM-26JAN-0.1,1,0.01,467,467.0,yes,sell,buy,brand.range,,783896a9-a6bf-42b5-9df0-2dda3e907629,,2026-01-31T14:35:06.025676Z
cfe86ca4-b3b6-74b3-318b-96da4aea2fc1,573ec7d5-48a9-49c8-9915-2f25fa1fe143,KXMIASNOWM-26JAN-0.1,1,0.01,187,187.0,yes,sell,buy,brand.range,,783896a9-a6bf-42b5-9df0-2dda3e907629,,2026-01-31T14:16:03.389853Z
ca6c382d-2eda-60bf-48d6-8fcb6c823065,573ec7d5-48a9-49c8-9915-2f25fa1fe143,KXMIASNOWM-26JAN-0.1,1,0.01,374,374.0,yes,sell,buy,brand.range,,783896a9-a6bf-42b5-9df0-2dda3e907629,,2026-01-31T13:39:58.207843Z
bd0cad13-59da-4863-e973-042dcb8c101d,573ec7d5-48a9-49c8-9915-2f25fa1fe143,KXMIASNOWM-26JAN-0.1,1,0.01,93,93.0,yes,sell,buy,brand.range,,783896a9-a6bf-42b5-9df0-2dda3e907629,,2026-01-31T12:26:01.033286Z
05e72f12-a712-654f-e98d-0192f1b50f65,573ec7d5-48a9-49c8-9915-2f25fa1fe143,KXMIASNOWM-26JAN-0.1,1,0.01,467,467.0,yes,sell,buy,brand.range,,783896a9-a6bf-42b5-9df0-2dda3e907629,,2026-01-31T12:12:03.26312Z
1f64146c-1d92-500b-bc91-e06bf9b6d881,573ec7d5-48a9-49c8-9915-2f25fa1fe143,KXMIASNOWM-26JAN-0.1,1,0.01,93,93.0,yes,sell,buy,brand.range,lukerides269,783896a9-a6bf-42b5-9df0-2dda3e907629,ed10a779-891f-4925-a5aa-a2abdfc488fa,2026-01-31T10:51:34.003022Z
aeb0077e-ed5a-4733-ecb4-e4cfbf03c7b9,573ec7d5-48a9-49c8-9915-2f25fa1fe143,KXMIASNOWM-26JAN-0.1,1,0.01,280,280.0,yes,sell,buy,brand.range,,783896a9-a6bf-42b5-9df0-2dda3e907629,,2026-01-31T10:15:45.248113Z
e3f20661-d296-500b-cafb-7aa81882b021,573ec7d5-48a9-49c8-9915-2f25fa1fe143,KXMIASNOWM-26JAN-0.1,1,0.01,935,935.0,yes,sell,buy,brand.range,,783896a9-a6bf-42b5-9df0-2dda3e907629,,2026-01-31T07:09:11.903303Z
f5acc330-4166-550f-6508-bf0a621438c9,573ec7d5-48a9-49c8-9915-2f25fa1fe143,KXMIASNOWM-26JAN-0.1,1,0.01,935,935.0,yes,sell,buy,brand.range,rodz3,783896a9-a6bf-42b5-9df0-2dda3e907629,48508902-4c1b-48ad-9fa3-ac617579fa03,2026-01-31T05:26:29.911819Z
88a2f6d6-76b2-5807-1dfd-8ea5fd217d09,573ec7d5-48a9-49c8-9915-2f25fa1fe143,KXMIASNOWM-26JAN-0.1,1,0.01,467,467.0,yes,sell,buy,brand.range,,783896a9-a6bf-42b5-9df0-2dda3e907629,,2026-01-31T04:45:45.767835Z
291ded12-c45a-7bef-6c56-c75d36ebd6f9,573ec7d5-48a9-49c8-9915-2f25fa1fe143,KXMIASNOWM-26JAN-0.1,1,0.01,1402,1402.0,yes,sell,buy,brand.range,,783896a9-a6bf-42b5-9df0-2dda3e907629,,2026-01-31T04:45:00.348273Z
af644614-288a-6517-8481-f5c5ba8f7f41,573ec7d5-48a9-49c8-9915-2f25fa1fe143,KXMIASNOWM-26JAN-0.1,1,0.01,935,935.0,yes,sell,buy,brand.range,,783896a9-a6bf-42b5-9df0-2dda3e907629,,2026-01-31T04:35:56.172698Z
5f35bb36-aae6-519f-80e1-c08d909dcf4d,573ec7d5-48a9-49c8-9915-2f25fa1fe143,KXMIASNOWM-26JAN-0.1,1,0.01,467,467.0,yes,sell,buy,brand.range,anthonyc0627,783896a9-a6bf-42b5-9df0-2dda3e907629,e2d3db02-92b9-4a33-9466-76eb93b5828b,2026-01-31T04:05:17.732063Z
a6a1e335-bada-6503-570f-a7e032b2d73d,573ec7d5-48a9-49c8-9915-2f25fa1fe143,KXMIASNOWM-26JAN-0.1,1,0.01,93,93.0,yes,sell,buy,brand.range,Derrick4444,783896a9-a6bf-42b5-9df0-2dda3e907629,4bbe258a-517e-4ce9-84ab-d87f3c62f094,2026-01-31T03:30:07.055253Z
ea72437c-7062-5cf3-093a-57e5948e0c15,573ec7d5-48a9-49c8-9915-2f25fa1fe143,KXMIASNOWM-26JAN-0.1,1,0.01,280,280.0,yes,sell,buy,brand.range,,783896a9-a6bf-42b5-9df0-2dda3e907629,,2026-01-31T02:19:55.926218Z
0c920de0-579a-4193-4f08-c84e65ceabad,573ec7d5-48a9-49c8-9915-2f25fa1fe143,KXMIASNOWM-26JAN-0.1,1,0.01,935,935.0,yes,sell,buy,brand.range,,783896a9-a6bf-42b5-9df0-2dda3e907629,,2026-01-31T00:56:16.137282Z
b8f8c8e0-87de-6fa3-1b7f-d1efa0c4f4fd,573ec7d5-48a9-49c8-9915-2f25fa1fe143,KXMIASNOWM-26JAN-0.1,1,0.01,93,93.0,yes,sell,buy,brand.range,pain.cry,783896a9-a6bf-42b5-9df0-2dda3e907629,02b50475-5176-42f0-a901-31148aba2739,2026-01-31T00:25:12.670708Z
f3bb979e-e1ba-5b5f-0375-37de74ba3511,573ec7d5-48a9-49c8-9915-2f25fa1fe143,KXMIASNOWM-26JAN-0.1,1,0.01,467,467.0,yes,sell,buy,brand.range,,783896a9-a6bf-42b5-9df0-2dda3e907629,,2026-01-31T00:01:10.233525Z
9f4f6e4d-8496-7cd7-3c77-2f498b1acb31,573ec7d5-48a9-49c8-9915-2f25fa1fe143,KXMIASNOWM-26JAN-0.1,1,0.01,467,467.0,yes,sell,buy,brand.range,,783896a9-a6bf-42b5-9df0-2dda3e907629,,2026-01-30T22:17:40.105819Z
749f2a77-edd6-67bf-a1a6-d92c8e32586d,573ec7d5-48a9-49c8-9915-2f25fa1fe143,KXMIASNOWM-26JAN-0.1,1,0.01,187,187.0,yes,sell,buy,brand.range,,783896a9-a6bf-42b5-9df0-2dda3e907629,,2026-01-30T22:00:02.02017Z
90e594d0-4b6e-569b-858c-be674bf6d365,573ec7d5-48a9-49c8-9915-2f25fa1fe143,KXMIASNOWM-26JAN-0.1,1,0.01,93,93.0,yes,sell,buy,brand.range,,783896a9-a6bf-42b5-9df0-2dda3e907629,,2026-01-30T20:47:47.411045Z
810a4f35-1592-67c3-c1dc-1c6e0816a36d,573ec7d5-48a9-49c8-9915-2f25fa1fe143,KXMIASNOWM-26JAN-0.1,1,0.01,93,93.0,yes,sell,buy,brand.range,,783896a9-a6bf-42b5-9df0-2dda3e907629,,2026-01-30T20:24:57.550946Z
eca1b8a6-362e-5ecf-d0e3-4ddc08311c85,573ec7d5-48a9-49c8-9915-2f25fa1fe143,KXMIASNOWM-26JAN-0.1,1,0.01,935,935.0,yes,sell,buy,brand.range,wildsam535,783896a9-a6bf-42b5-9df0-2dda3e907629,0139a62c-6f8c-4f6e-aa4c-1805ef1fb381,2026-01-30T20:23:45.716584Z
221ac715-e96e-4173-3e27-b6e353624c35,573ec7d5-48a9-49c8-9915-2f25fa1fe143,KXMIASNOWM-26JAN-0.1,1,0.01,93,93.0,yes,sell,buy,brand.range,,783896a9-a6bf-42b5-9df0-2dda3e907629,,2026-01-30T19:38:07.162977Z
33a99e3a-f902-68ab-dae4-530e7145db0d,573ec7d5-48a9-49c8-9915-2f25fa1fe143,KXMIASNOWM-26JAN-0.1,1,0.01,467,467.0,yes,sell,buy,brand.range,,783896a9-a6bf-42b5-9df0-2dda3e907629,,2026-01-30T19:02:14.525068Z
2df64598-a906-4bb7-563c-3c9f57f7bb95,573ec7d5-48a9-49c8-9915-2f25fa1fe143,KXMIASNOWM-26JAN-0.1,1,0.01,467,467.0,yes,sell,buy,brand.range,,783896a9-a6bf-42b5-9df0-2dda3e907629,,2026-01-30T18:53:36.03232Z
3b6569b2-4926-61cb-2b9e-4453cd38ec15,573ec7d5-48a9-49c8-9915-2f25fa1fe143,KXMIASNOWM-26JAN-0.1,1,0.01,467,467.0,yes,sell,buy,brand.range,,783896a9-a6bf-42b5-9df0-2dda3e907629,,2026-01-30T18:48:18.630823Z
4b71a2e1-3182-60cf-114a-bec6b0b56f8d,573ec7d5-48a9-49c8-9915-2f25fa1fe143,KXMIASNOWM-26JAN-0.1,1,0.01,500,500.0,yes,sell,buy,brand.range,,783896a9-a6bf-42b5-9df0-2dda3e907629,,2026-01-30T18:17:36.932683Z
23137fc7-1646-4deb-f17e-ea82f1d77d19,573ec7d5-48a9-49c8-9915-2f25fa1fe143,KXMIASNOWM-26JAN-0.1,1,0.01,187,187.0,yes,sell,buy,brand.range,heway1295,783896a9-a6bf-42b5-9df0-2dda3e907629,de40680d-4441-4565-b57b-de8224a0b247,2026-01-30T18:13:27.114712Z
6cfbe9c4-af3a-4b5b-98bf-5f3859694de5,573ec7d5-48a9-49c8-9915-2f25fa1fe143,KXMIASNOWM-26JAN-0.1,1,0.01,935,935.0,yes,sell,buy,brand.range,,783896a9-a6bf-42b5-9df0-2dda3e907629,,2026-01-30T17:54:50.143559Z
604f16d4-9936-430b-4540-4ea0e7829711,573ec7d5-48a9-49c8-9915-2f25fa1fe143,KXMIASNOWM-26JAN-0.1,1,0.01,187,187.0,yes,sell,buy,brand.range,,783896a9-a6bf-42b5-9df0-2dda3e907629,,2026-01-30T17:24:59.626659Z
7926f20d-0126-6b1f-c678-80b20cd67461,573ec7d5-48a9-49c8-9915-2f25fa1fe143,KXMIASNOWM-26JAN-0.1,1,0.01,467,467.0,yes,sell,buy,brand.range,definitelynotai.,783896a9-a6bf-42b5-9df0-2dda3e907629,49a7ac65-8631-4ea9-b1c0-ee4f8c2dd8b1,2026-01-30T16:52:38.023473Z
cb184e48-90ae-630b-9a81-04d1138b42bd,573ec7d5-48a9-49c8-9915-2f25fa1fe143,KXMIASNOWM-26JAN-0.1,1,0.01,187,187.0,yes,sell,buy,brand.range,,783896a9-a6bf-42b5-9df0-2dda3e907629,,2026-01-30T16:33:01.623344Z
2e17754c-403a-7417-6678-f9cadd754a89,573ec7d5-48a9-49c8-9915-2f25fa1fe143,KXMIASNOWM-26JAN-0.1,1,0.01,2244,2244.0,yes,sell,buy,brand.range,,783896a9-a6bf-42b5-9df0-2dda3e907629,,2026-01-30T16:12:28.78519Z
67c67caf-0f92-71cf-0d13-927005056259,573ec7d5-48a9-49c8-9915-2f25fa1fe143,KXMIASNOWM-26JAN-0.1,1,0.01,935,935.0,yes,sell,buy,brand.range,,783896a9-a6bf-42b5-9df0-2dda3e907629,,2026-01-30T15:25:26.57258Z
dba6fda8-fa46-547b-cbad-b9a6db80a221,573ec7d5-48a9-49c8-9915-2f25fa1fe143,KXMIASNOWM-26JAN-0.1,1,0.01,467,467.0,yes,sell,buy,brand.range,i.need.,783896a9-a6bf-42b5-9df0-2dda3e907629,fb844e96-e0c9-4548-b01a-2e7f27d95049,2026-01-30T15:06:00.795603Z
f2cc30ff-63ae-4a9f-4217-4cacb6b0c359,573ec7d5-48a9-49c8-9915-2f25fa1fe143,KXMIASNOWM-26JAN-0.1,1,0.01,93,93.0,yes,sell,buy,brand.range,,783896a9-a6bf-42b5-9df0-2dda3e907629,,2026-01-30T15:05:53.76244Z
fcaafad8-a0ea-6aab-f7ba-e15e449bad91,573ec7d5-48a9-49c8-9915-2f25fa1fe143,KXMIASNOWM-26JAN-0.1,1,0.01,187,187.0,yes,sell,buy,brand.range,,783896a9-a6bf-42b5-9df0-2dda3e907629,,2026-01-30T14:52:27.378985Z
a7eea124-3d62-47f3-6359-b0ddd289a6c1,573ec7d5-48a9-49c8-9915-2f25fa1fe143,KXMIASNOWM-26JAN-0.1,1,0.01,1028,1028.0,yes,sell,buy,brand.range,tee24,783896a9-a6bf-42b5-9df0-2dda3e907629,c439a073-553e-4200-87e8-9036d6a8b7b3,2026-01-30T14:46:51.650223Z
8be28bb7-f24e-6ccf-a469-71e9a02a60a1,573ec7d5-48a9-49c8-9915-2f25fa1fe143,KXMIASNOWM-26JAN-0.1,1,0.01,280,280.0,yes,sell,buy,brand.range,quick.squad,783896a9-a6bf-42b5-9df0-2dda3e907629,539c2cf0-2290-4780-95f2-1e12b10063a3,2026-01-30T14:24:19.81186Z
11560f3a-4752-72df-879b-02019f98444d,573ec7d5-48a9-49c8-9915-2f25fa1fe143,KXMIASNOWM-26JAN-0.1,1,0.01,467,467.0,yes,sell,buy,brand.range,,783896a9-a6bf-42b5-9df0-2dda3e907629,,2026-01-30T14:13:21.630247Z
73444722-05f6-6247-419e-88d95fb15a05,573ec7d5-48a9-49c8-9915-2f25fa1fe143,KXMIASNOWM-26JAN-0.1,1,0.01,201,201.0,yes,sell,buy,brand.range,,783896a9-a6bf-42b5-9df0-2dda3e907629,,2026-01-30T13:53:42.986299Z
a8388f5b-5d4e-5cab-d89e-738dd03de201,573ec7d5-48a9-49c8-9915-2f25fa1fe143,KXMIASNOWM-26JAN-0.1,1,0.01,467,467.0,yes,sell,buy,brand.range,,783896a9-a6bf-42b5-9df0-2dda3e907629,,2026-01-30T13:53:09.444136Z
ae4d888e-fd9a-4bb7-0ee3-1b00a6a388ad,573ec7d5-48a9-49c8-9915-2f25fa1fe143,KXMIASNOWM-26JAN-0.1,1,0.01,93,93.0,yes,sell,buy,brand.range,,783896a9-a6bf-42b5-9df0-2dda3e907629,,2026-01-30T13:52:36.978789Z
9447ea75-bcee-4fd7-dae1-eaad6c174a81,573ec7d5-48a9-49c8-9915-2f25fa1fe143,KXMIASNOWM-26JAN-0.1,1,0.01,374,374.0,yes,sell,buy,brand.range,,783896a9-a6bf-42b5-9df0-2dda3e907629,,2026-01-30T13:39:51.680731Z
21ee4fac-ce72-6e1b-cc97-0f55fa56ca61,573ec7d5-48a9-49c8-9915-2f25fa1fe143,KXMIASNOWM-26JAN-0.1,1,0.01,93,93.0,yes,sell,buy,brand.range,EvelinMendez,783896a9-a6bf-42b5-9df0-2dda3e907629,2d9c0d4a-cb58-4f23-bf1b-97c97751124d,2026-01-30T13:33:13.00077Z
fe2e0a5d-df62-757f-8441-48f016cf3d31,573ec7d5-48a9-49c8-9915-2f25fa1fe143,KXMIASNOWM-26JAN-0.1,1,0.01,19,19.0,yes,sell,buy,brand.range,,783896a9-a6bf-42b5-9df0-2dda3e907629,,2026-01-30T13:24:38.554185Z
742ae911-70ae-6e73-83ce-8893f132a271,573ec7d5-48a9-49c8-9915-2f25fa1fe143,KXMIASNOWM-26JAN-0.1,1,0.01,93,93.0,yes,sell,buy,brand.range,,783896a9-a6bf-42b5-9df0-2dda3e907629,,2026-01-30T13:18:45.263189Z
dffdc7fc-0c62-638f-6c5f-0b4fc50c9d25,573ec7d5-48a9-49c8-9915-2f25fa1fe143,KXMIASNOWM-26JAN-0.1,1,0.01,187,187.0,yes,sell,buy,brand.range,,783896a9-a6bf-42b5-9df0-2dda3e907629,,2026-01-30T13:18:02.461372Z
e293a71e-a53a-667f-8f31-00c2c4ba6471,573ec7d5-48a9-49c8-9915-2f25fa1fe143,KXMIASNOWM-26JAN-0.1,1,0.01,2712,2712.0,yes,sell,buy,brand.range,,783896a9-a6bf-42b5-9df0-2dda3e907629,,2026-01-30T13:06:21.812766Z
6d28f551-743e-68b3-0178-dda5026058d5,573ec7d5-48a9-49c8-9915-2f25fa1fe143,KXMIASNOWM-26JAN-0.1,1,0.01,374,374.0,yes,sell,buy,brand.range,,783896a9-a6bf-42b5-9df0-2dda3e907629,,2026-01-30T13:02:28.932343Z
cb3ab431-4c6a-66e7-f36b-443ff13a748d,573ec7d5-48a9-49c8-9915-2f25fa1fe143,KXMIASNOWM-26JAN-0.1,1,0.01,748,748.0,yes,sell,buy,brand.range,,783896a9-a6bf-42b5-9df0-2dda3e907629,,2026-01-30T10:23:47.013332Z
fc6b2675-b402-762b-6c6c-c166bb67bf6d,573ec7d5-48a9-49c8-9915-2f25fa1fe143,KXMIASNOWM-26JAN-0.1,1,0.01,187,187.0,yes,sell,buy,brand.range,,783896a9-a6bf-42b5-9df0-2dda3e907629,,2026-01-30T08:31:09.702406Z
7c75c0d8-6dc2-5c33-bb17-24ebb59b76f1,573ec7d5-48a9-49c8-9915-2f25fa1fe143,KXMIASNOWM-26JAN-0.1,1,0.01,93,93.0,yes,sell,buy,brand.range,,783896a9-a6bf-42b5-9df0-2dda3e907629,,2026-01-30T08:27:46.441334Z
ac42714a-b98e-44e7-20b9-0e672afdad79,573ec7d5-48a9-49c8-9915-2f25fa1fe143,KXMIASNOWM-26JAN-0.1,1,0.01,467,467.0,yes,sell,buy,brand.range,,783896a9-a6bf-42b5-9df0-2dda3e907629,,2026-01-30T07:35:47.474487Z
33d70656-a13e-470b-1a99-535008ef9969,573ec7d5-48a9-49c8-9915-2f25fa1fe143,KXMIASNOWM-26JAN-0.1,1,0.01,467,467.0,yes,sell,buy,brand.range,sexy.ant,783896a9-a6bf-42b5-9df0-2dda3e907629,bb2b02f9-7a1c-427d-9f41-cbfac9bb72eb,2026-01-30T07:19:25.432695Z
81753c76-e346-5ae7-d046-1cfed43ed975,573ec7d5-48a9-49c8-9915-2f25fa1fe143,KXMIASNOWM-26JAN-0.1,1,0.01,374,374.0,yes,sell,buy,brand.range,,783896a9-a6bf-42b5-9df0-2dda3e907629,,2026-01-30T06:54:54.33321Z
ca2abd2b-9dd6-7ab7-6ccb-3ba8d66b1039,573ec7d5-48a9-49c8-9915-2f25fa1fe143,KXMIASNOWM-26JAN-0.1,1,0.01,935,935.0,yes,sell,buy,brand.range,ladytrend214,783896a9-a6bf-42b5-9df0-2dda3e907629,2d076567-1e13-4cf1-b24d-b9fce8043236,2026-01-30T06:36:03.961411Z
9b7079eb-3a7a-4c83-32dd-fcb9d3684ebd,573ec7d5-48a9-49c8-9915-2f25fa1fe143,KXMIASNOWM-26JAN-0.1,1,0.01,374,374.0,yes,sell,buy,brand.range,,783896a9-a6bf-42b5-9df0-2dda3e907629,,2026-01-30T05:33:16.692742Z
563dddea-ae7a-657f-dbd2-31ab82dd8bd5,573ec7d5-48a9-49c8-9915-2f25fa1fe143,KXMIASNOWM-26JAN-0.1,1,0.01,561,561.0,yes,sell,buy,brand.range,,783896a9-a6bf-42b5-9df0-2dda3e907629,,2026-01-30T04:54:41.544848Z
20f60440-a0d2-5bf3-5c39-b2c5dfec586d,573ec7d5-48a9-49c8-9915-2f25fa1fe143,KXMIASNOWM-26JAN-0.1,1,0.01,467,467.0,yes,sell,buy,brand.range,,783896a9-a6bf-42b5-9df0-2dda3e907629,,2026-01-30T04:48:47.998025Z
52db1fe3-9da6-7c0b-c0d6-348eec144829,573ec7d5-48a9-49c8-9915-2f25fa1fe143,KXMIASNOWM-26JAN-0.1,1,0.01,9,9.0,yes,sell,buy,brand.range,pika.guess,783896a9-a6bf-42b5-9df0-2dda3e907629,7593b836-1cc7-446c-a3b8-7f9055592730,2026-01-30T04:35:57.656508Z
1c9a8732-7ae2-6777-623a-d54498e618e1,573ec7d5-48a9-49c8-9915-2f25fa1fe143,KXMIASNOWM-26JAN-0.1,1,0.01,467,467.0,yes,sell,buy,brand.range,,783896a9-a6bf-42b5-9df0-2dda3e907629,,2026-01-30T04:08:23.925351Z
26fe9e9e-28f2-588f-b0d3-1f03d27d5c71,573ec7d5-48a9-49c8-9915-2f25fa1fe143,KXMIASNOWM-26JAN-0.1,1,0.01,93,93.0,yes,sell,buy,brand.range,,783896a9-a6bf-42b5-9df0-2dda3e907629,,2026-01-30T04:06:12.354203Z
f046a190-56a2-52c7-64f2-1827e3a43499,573ec7d5-48a9-49c8-9915-2f25fa1fe143,KXMIASNOWM-26JAN-0.1,1,0.01,93,93.0,yes,sell,buy,brand.range,pill.wall,783896a9-a6bf-42b5-9df0-2dda3e907629,9bbdfca7-ade4-44d1-b22a-f338fd72c3cf,2026-01-30T03:34:55.541101Z
8efd665f-f51a-6e53-a6d6-3a8f660f0795,573ec7d5-48a9-49c8-9915-2f25fa1fe143,KXMIASNOWM-26JAN-0.1,1,0.01,93,93.0,yes,sell,buy,brand.range,,783896a9-a6bf-42b5-9df0-2dda3e907629,,2026-01-30T03:17:45.700337Z
df7682b5-3a62-5e7b-0c40-f0fda76caa31,573ec7d5-48a9-49c8-9915-2f25fa1fe143,KXMIASNOWM-26JAN-0.1,1,0.01,935,935.0,yes,sell,buy,brand.range,,783896a9-a6bf-42b5-9df0-2dda3e907629,,2026-01-30T02:59:58.186857Z
5b912dcf-3742-58ab-c8c4-15a09a8a21a5,573ec7d5-48a9-49c8-9915-2f25fa1fe143,KXMIASNOWM-26JAN-0.1,1,0.01,46,46.0,yes,sell,buy,brand.range,Great.adventurer,783896a9-a6bf-42b5-9df0-2dda3e907629,9c3db32a-031e-4960-919f-b7b064279bc1,2026-01-30T02:09:13.170262Z
c3d8e08a-fb52-4583-df58-794269006cd9,573ec7d5-48a9-49c8-9915-2f25fa1fe143,KXMIASNOWM-26JAN-0.1,1,0.01,93,93.0,yes,sell,buy,brand.range,,783896a9-a6bf-42b5-9df0-2dda3e907629,,2026-01-30T02:00:54.357141Z
949c11af-5b92-7923-2f27-0045bf088f89,573ec7d5-48a9-49c8-9915-2f25fa1fe143,KXMIASNOWM-26JAN-0.1,1,0.01,935,935.0,yes,sell,buy,brand.range,,783896a9-a6bf-42b5-9df0-2dda3e907629,,2026-01-30T01:59:41.280271Z
715bf735-495a-77f3-9c72-b463bf6fa57d,573ec7d5-48a9-49c8-9915-2f25fa1fe143,KXMIASNOWM-26JAN-0.1,1,0.01,187,187.0,yes,sell,buy,brand.range,,783896a9-a6bf-42b5-9df0-2dda3e907629,,2026-01-30T01:13:35.420461Z
b025d2d6-a78a-777f-5771-35d5872aae19,573ec7d5-48a9-49c8-9915-2f25fa1fe143,KXMIASNOWM-26JAN-0.1,1,0.01,93,93.0,yes,sell,buy,brand.range,,783896a9-a6bf-42b5-9df0-2dda3e907629,,2026-01-30T01:13:31.259244Z
a4825fb6-ac56-5d2b-9e3b-3978c11b21e1,573ec7d5-48a9-49c8-9915-2f25fa1fe143,KXMIASNOWM-26JAN-0.1,1,0.01,187,187.0,yes,sell,buy,brand.range,black.phase,783896a9-a6bf-42b5-9df0-2dda3e907629,818f0e4f-29bd-45b3-a59b-c859664bdf85,2026-01-30T01:04:46.45454Z
023d6847-ed16-5d63-394c-c2a86f83e2b9,573ec7d5-48a9-49c8-9915-2f25fa1fe143,KXMIASNOWM-26JAN-0.1,1,0.01,6,6.0,yes,sell,buy,brand.range,,783896a9-a6bf-42b5-9df0-2dda3e907629,,2026-01-30T00:30:30.320216Z
e03f1935-943e-795f-f58b-c16ba71299f9,573ec7d5-48a9-49c8-9915-2f25fa1fe143,KXMIASNOWM-26JAN-0.1,1,0.01,4675,4675.0,yes,sell,buy,brand.range,,783896a9-a6bf-42b5-9df0-2dda3e907629,,2026-01-29T22:49:57.117559Z
ff4c087d-298a-406f-a231-92398371c889,573ec7d5-48a9-49c8-9915-2f25fa1fe143,KXMIASNOWM-26JAN-0.1,1,0.01,93,93.0,yes,sell,buy,brand.range,,783896a9-a6bf-42b5-9df0-2dda3e907629,,2026-01-29T21:54:11.728215Z
2e04e037-e28e-707b-7846-911accaf7095,573ec7d5-48a9-49c8-9915-2f25fa1fe143,KXMIASNOWM-26JAN-0.1,1,0.01,93,93.0,yes,sell,buy,brand.range,,783896a9-a6bf-42b5-9df0-2dda3e907629,,2026-01-29T20:42:36.655562Z
4e228817-53f6-5fb7-24d6-a3d9fba05711,573ec7d5-48a9-49c8-9915-2f25fa1fe143,KXMIASNOWM-26JAN-0.1,1,0.01,280,280.0,yes,sell,buy,brand.range,,783896a9-a6bf-42b5-9df0-2dda3e907629,,2026-01-29T19:54:08.380933Z
a647eb59-e692-723f-1aa4-33a0c93acf25,573ec7d5-48a9-49c8-9915-2f25fa1fe143,KXMIASNOWM-26JAN-0.1,1,0.01,333,333.0,yes,sell,buy,brand.range,,783896a9-a6bf-42b5-9df0-2dda3e907629,,2026-01-29T19:50:04.191581Z
5a1fc73b-a64a-6f2b-516b-55976664c761,573ec7d5-48a9-49c8-9915-2f25fa1fe143,KXMIASNOWM-26JAN-0.1,1,0.01,935,935.0,yes,sell,buy,brand.range,,783896a9-a6bf-42b5-9df0-2dda3e907629,,2026-01-29T19:28:28.164654Z
cc343bdf-5d1a-6277-e4c2-4a54afdcd0d1,573ec7d5-48a9-49c8-9915-2f25fa1fe143,KXMIASNOWM-26JAN-0.1,1,0.01,46,46.0,yes,sell,buy,brand.range,ghost.lot,783896a9-a6bf-42b5-9df0-2dda3e907629,9eb38a0d-d3fa-47c3-aadc-23e6167c56e1,2026-01-29T17:19:16.736704Z
47889911-f64a-6687-6c35-ff7afb2eb109,573ec7d5-48a9-49c8-9915-2f25fa1fe143,KXMIASNOWM-26JAN-0.1,1,0.01,2337,2337.0,yes,sell,buy,brand.range,,783896a9-a6bf-42b5-9df0-2dda3e907629,,2026-01-29T17:14:15.061484Z
161e73a3-43be-67c7-3899-398e9b64d405,573ec7d5-48a9-49c8-9915-2f25fa1fe143,KXMIASNOWM-26JAN-0.1,1,0.01,467,467.0,yes,sell,buy,brand.range,dried.cream,783896a9-a6bf-42b5-9df0-2dda3e907629,10bd0132-93d6-4f17-9d07-e98eaee1dde3,2026-01-29T16:36:38.28817Z
78c04e57-f82a-6c47-b306-ed8203e09069,573ec7d5-48a9-49c8-9915-2f25fa1fe143,KXMIASNOWM-26JAN-0.1,1,0.01,935,935.0,yes,sell,buy,brand.range,iFresh,783896a9-a6bf-42b5-9df0-2dda3e907629,c43f4dcd-2d84-5fc3-e4c7-77eaf86c0e5e,2026-01-29T16:20:49.64032Z
428f9fbb-5846-506f-ec5f-87ab7b9530ed,573ec7d5-48a9-49c8-9915-2f25fa1fe143,KXMIASNOWM-26JAN-0.1,1,0.01,187,187.0,yes,sell,buy,brand.range,MiLune,783896a9-a6bf-42b5-9df0-2dda3e907629,6093da7e-0341-43ec-bcaf-7dc54682c99b,2026-01-29T16:15:31.330817Z
5b0f96c9-51c6-5edb-8f16-611aa62c0875,573ec7d5-48a9-49c8-9915-2f25fa1fe143,KXMIASNOWM-26JAN-0.1,1,0.01,46,46.0,yes,sell,buy,brand.range,,783896a9-a6bf-42b5-9df0-2dda3e907629,,2026-01-29T16:14:02.058289Z
bde6e527-dba2-6553-234e-c8d54bdd25c5,573ec7d5-48a9-49c8-9915-2f25fa1fe143,KXMIASNOWM-26JAN-0.1,1,0.01,33,33.0,yes,sell,buy,brand.range,,783896a9-a6bf-42b5-9df0-2dda3e907629,,2026-01-29T16:05:43.749581Z
754065af-270a-78bf-9cfd-67e16afece51,573ec7d5-48a9-49c8-9915-2f25fa1fe143,KXMIASNOWM-26JAN-0.1,1,0.01,268,268.0,yes,sell,buy,brand.range,kenvibe,783896a9-a6bf-42b5-9df0-2dda3e907629,8e9f8c25-f71d-433d-a821-8b9498259a64,2026-01-29T14:53:26.413522Z
963cd927-bb8a-44bf-ec77-a69d275311ed,573ec7d5-48a9-49c8-9915-2f25fa1fe143,KXMIASNOWM-26JAN-0.1,1,0.01,1,1.0,yes,sell,buy,brand.range,bglicken,783896a9-a6bf-42b5-9df0-2dda3e907629,5d7d578b-8c72-4fa3-be11-90e5ea0f7790,2026-01-29T14:41:21.596539Z
b67e28c3-6b06-675b-339f-ec4aa64247c5,573ec7d5-48a9-49c8-9915-2f25fa1fe143,KXMIASNOWM-26JAN-0.1,1,0.01,93,93.0,yes,sell,buy,brand.range,,783896a9-a6bf-42b5-9df0-2dda3e907629,,2026-01-29T13:39:29.45154Z
97784465-6d0a-6bd7-6c62-49e01bd158b1,573ec7d5-48a9-49c8-9915-2f25fa1fe143,KXMIASNOWM-26JAN-0.1,1,0.01,93,93.0,yes,sell,buy,brand.range,,783896a9-a6bf-42b5-9df0-2dda3e907629,,2026-01-29T13:19:57.369616Z
3294daef-0c0e-6e53-b5e1-3591f11dc909,573ec7d5-48a9-49c8-9915-2f25fa1fe143,KXMIASNOWM-26JAN-0.1,1,0.01,935,935.0,yes,sell,buy,brand.range,wild.youth,783896a9-a6bf-42b5-9df0-2dda3e907629,2b88626a-4cd8-46b2-aa14-01e6ec3d756e,2026-01-29T13:12:42.363545Z
5d5901b2-074a-7d8b-2ca0-3cf83ea8c659,573ec7d5-48a9-49c8-9915-2f25fa1fe143,KXMIASNOWM-26JAN-0.1,1,0.01,467,467.0,yes,sell,buy,brand.range,,783896a9-a6bf-42b5-9df0-2dda3e907629,,2026-01-29T13:10:47.993392Z
0da3eb77-bc46-636f-0729-3c350e0dcadd,573ec7d5-48a9-49c8-9915-2f25fa1fe143,KXMIASNOWM-26JAN-0.1,1,0.01,467,467.0,yes,sell,buy,brand.range,financial.cozy,783896a9-a6bf-42b5-9df0-2dda3e907629,300528c1-16e3-43a7-9805-7b8a321b0fb7,2026-01-29T12:15:57.843768Z
2a5e5c98-989a-4e63-6d51-3db86464fc11,573ec7d5-48a9-49c8-9915-2f25fa1fe143,KXMIASNOWM-26JAN-0.1,1,0.01,1402,1402.0,yes,sell,buy,brand.range,,783896a9-a6bf-42b5-9df0-2dda3e907629,,2026-01-29T11:49:34.823699Z
a4033a62-a69e-7f87-eda0-d76fa276a4cd,573ec7d5-48a9-49c8-9915-2f25fa1fe143,KXMIASNOWM-26JAN-0.1,1,0.01,93,93.0,yes,sell,buy,brand.range,,783896a9-a6bf-42b5-9df0-2dda3e907629,,2026-01-29T11:20:42.483314Z
10aeacfe-5846-4567-18ab-c65cbbc19ab5,573ec7d5-48a9-49c8-9915-2f25fa1fe143,KXMIASNOWM-26JAN-0.1,1,0.01,100,100.0,yes,sell,buy,brand.range,,783896a9-a6bf-42b5-9df0-2dda3e907629,,2026-01-29T06:05:54.558771Z
0867d7bd-355a-4547-4dd1-2e40143f04dd,573ec7d5-48a9-49c8-9915-2f25fa1fe143,KXMIASNOWM-26JAN-0.1,1,0.01,187,187.0,yes,sell,buy,brand.range,,783896a9-a6bf-42b5-9df0-2dda3e907629,,2026-01-29T05:58:11.089947Z
899b73c5-c1da-784f-5e21-f184eadcafcd,573ec7d5-48a9-49c8-9915-2f25fa1fe143,KXMIASNOWM-26JAN-0.1,1,0.01,1870,1870.0,yes,sell,buy,brand.range,,783896a9-a6bf-42b5-9df0-2dda3e907629,,2026-01-29T05:23:29.297863Z
e54dae6e-daca-5feb-44ef-2a60535ec6dd,573ec7d5-48a9-49c8-9915-2f25fa1fe143,KXMIASNOWM-26JAN-0.1,1,0.01,467,467.0,yes,sell,buy,brand.range,,783896a9-a6bf-42b5-9df0-2dda3e907629,,2026-01-29T04:02:44.364397Z
db0cb468-a756-5aeb-c290-44a3d2a6e5fd,573ec7d5-48a9-49c8-9915-2f25fa1fe143,KXMIASNOWM-26JAN-0.1,1,0.01,93,93.0,yes,sell,buy,brand.range,,783896a9-a6bf-42b5-9df0-2dda3e907629,,2026-01-29T00:23:40.075701Z
77cc145c-83b6-6df7-2f82-0dff0260ee11,573ec7d5-48a9-49c8-9915-2f25fa1fe143,KXMIASNOWM-26JAN-0.1,1,0.01,93,93.0,yes,sell,buy,brand.range,NishaxLi,783896a9-a6bf-42b5-9df0-2dda3e907629,7fb113d6-d313-4e9f-af6d-1684acda6cd8,2026-01-28T23:51:19.067532Z
7d3cfe20-32b2-6713-24ec-9b381a9e0acd,573ec7d5-48a9-49c8-9915-2f25fa1fe143,KXMIASNOWM-26JAN-0.1,1,0.01,500,500.0,yes,sell,buy,brand.range,,783896a9-a6bf-42b5-9df0-2dda3e907629,,2026-01-28T22:27:04.667804Z
44d371c8-63da-555f-8a82-8f12f351a31d,573ec7d5-48a9-49c8-9915-2f25fa1fe143,KXMIASNOWM-26JAN-0.1,1,0.01,467,467.0,yes,sell,buy,brand.range,,783896a9-a6bf-42b5-9df0-2dda3e907629,,2026-01-28T21:58:16.843601Z
00aeb349-4282-4d6f-e9a6-078649055351,573ec7d5-48a9-49c8-9915-2f25fa1fe143,KXMIASNOWM-26JAN-0.1,1,0.01,935,935.0,yes,sell,buy,brand.range,,783896a9-a6bf-42b5-9df0-2dda3e907629,,2026-01-28T21:37:10.265857Z
d7908963-6246-5bd7-a6c4-814991ea55f1,573ec7d5-48a9-49c8-9915-2f25fa1fe143,KXMIASNOWM-26JAN-0.1,1,0.01,187,187.0,yes,sell,buy,brand.range,,783896a9-a6bf-42b5-9df0-2dda3e907629,,2026-01-28T21:34:50.602224Z
bfe90cf3-f5a2-4047-5f98-7171baffa8a9,573ec7d5-48a9-49c8-9915-2f25fa1fe143,KXMIASNOWM-26JAN-0.1,1,0.01,1,1.0,yes,sell,buy,brand.range,,783896a9-a6bf-42b5-9df0-2dda3e907629,,2026-01-28T20:34:27.597308Z
96555388-6506-60cf-be26-3f90f03933c5,573ec7d5-48a9-49c8-9915-2f25fa1fe143,KXMIASNOWM-26JAN-0.1,1,0.01,93,93.0,yes,sell,buy,brand.range,,783896a9-a6bf-42b5-9df0-2dda3e907629,,2026-01-28T20:19:05.0957Z
5fca63e6-cc6a-774b-833c-ac746a174f41,573ec7d5-48a9-49c8-9915-2f25fa1fe143,KXMIASNOWM-26JAN-0.1,1,0.01,230,230.0,yes,sell,buy,brand.range,I.C.Weiners,783896a9-a6bf-42b5-9df0-2dda3e907629,f597baa4-9cc7-4ba4-9ec3-92433951c70d,2026-01-28T19:49:42.812621Z
71476801-a6da-7c27-0d86-cb0fc4f37c15,573ec7d5-48a9-49c8-9915-2f25fa1fe143,KXMIASNOWM-26JAN-0.1,1,0.01,4675,4675.0,yes,sell,buy,brand.range,,783896a9-a6bf-42b5-9df0-2dda3e907629,,2026-01-28T19:46:30.763889Z
3ccd5bbd-6292-6543-4c1e-2fa606752f75,573ec7d5-48a9-49c8-9915-2f25fa1fe143,KXMIASNOWM-26JAN-0.1,1,0.01,187,187.0,yes,sell,buy,brand.range,,783896a9-a6bf-42b5-9df0-2dda3e907629,,2026-01-28T19:41:59.507522Z
d3bcc70b-5be6-788f-e133-d1c6b118af01,573ec7d5-48a9-49c8-9915-2f25fa1fe143,KXMIASNOWM-26JAN-0.1,1,0.01,93,93.0,yes,sell,buy,brand.range,,783896a9-a6bf-42b5-9df0-2dda3e907629,,2026-01-28T19:17:37.882544Z
56e0daac-093e-731b-a1fe-5e9ddfd4db31,573ec7d5-48a9-49c8-9915-2f25fa1fe143,KXMIASNOWM-26JAN-0.1,1,0.01,20,20.0,yes,sell,buy,brand.range,,783896a9-a6bf-42b5-9df0-2dda3e907629,,2026-01-28T19:17:28.741174Z
7d239f7b-672a-7ba7-4941-3bcfcde81474,573ec7d5-48a9-49c8-9915-2f25fa1fe143,KXMIASNOWM-26JAN-0.1,2,0.02,3385,3385.0,yes,buy,buy,,brand.range,,783896a9-a6bf-42b5-9df0-2dda3e907629,2026-01-27T13:29:53.906431Z
5073acb8-567f-7516-5429-09396720fde7,573ec7d5-48a9-49c8-9915-2f25fa1fe143,KXMIASNOWM-26JAN-0.1,2,0.02,30,30.0,yes,buy,buy,,brand.range,,783896a9-a6bf-42b5-9df0-2dda3e907629,2026-01-27T13:29:53.906431Z
430dd8e4-090a-43db-e9e8-f7b82ef70438,573ec7d5-48a9-49c8-9915-2f25fa1fe143,KXMIASNOWM-26JAN-0.1,2,0.02,32753,32753.0,yes,buy,buy,,brand.range,,783896a9-a6bf-42b5-9df0-2dda3e907629,2026-01-27T13:15:12.601784Z
606624d9-6706-6f7f-f2d5-b951a85e9c3c,573ec7d5-48a9-49c8-9915-2f25fa1fe143,KXMIASNOWM-26JAN-0.1,2,0.02,23395,23395.0,yes,buy,buy,,brand.range,,783896a9-a6bf-42b5-9df0-2dda3e907629,2026-01-27T13:14:21.72337Z
c1eb0942-646d-60f2-89cf-8676a7836625,573ec7d5-48a9-49c8-9915-2f25fa1fe143,KXMIASNOWM-26JAN-0.1,2,0.02,1204,1204.0,yes,buy,buy,,brand.range,,783896a9-a6bf-42b5-9df0-2dda3e907629,2026-01-26T14:01:43.409417Z
4311d4db-dce3-6127-b870-df4b933062d8,573ec7d5-48a9-49c8-9915-2f25fa1fe143,KXMIASNOWM-26JAN-0.1,2,0.02,8154,8154.0,yes,buy,buy,,brand.range,,783896a9-a6bf-42b5-9df0-2dda3e907629,2026-01-26T14:01:43.409417Z
